data,ultio,abertura,axia,inia,Volue,Variacao
11/03/2022,32.49,33.91,34.38,32.07,92.15,-3.59%
10/03/2022,33.70,32.60,34.60,32.52,136.44,3.50%
09/03/2022,32.56,32.60,32.82,31.74,87.78,0.31%
08/03/2022,32.46,32.00,32.97,31.51,111.63,2.08%
07/03/2022,31.80,34.50,34.60,31.63,110.95,-7.10%
04/03/2022,34.23,34.08,34.68,33.82,55.42,-0.03%
03/03/2022,34.24,34.82,34.93,34.16,69.24,-1.24%
02/03/2022,34.67,35.26,35.29,34.39,58.07,1.97%
25/02/2022,34.00,33.45,34.00,32.90,86.19,1.83%
24/02/2022,33.39,34.80,35.29,32.68,139.67,-2.43%
23/02/2022,34.22,34.18,34.60,33.80,86.53,1.42%
22/02/2022,33.74,34.22,34.68,33.21,80.21,-0.32%
21/02/2022,33.85,33.05,34.00,33.00,51.26,2.58%
18/02/2022,33.00,32.57,33.09,32.27,58.65,0.61%
17/02/2022,32.80,32.85,33.29,32.55,43.26,-0.39%
16/02/2022,32.93,32.83,33.70,32.77,65.81,1.39%
15/02/2022,32.48,32.66,32.68,31.89,65.69,-1.58%
14/02/2022,33.00,33.86,33.94,32.82,55.69,-2.25%
11/02/2022,33.76,32.77,33.91,32.63,88.01,4.07%
10/02/2022,32.44,32.30,32.90,31.94,49.53,1.53%
09/02/2022,31.95,31.74,32.69,31.65,50.96,0.38%
08/02/2022,31.83,31.90,31.95,31.26,62.59,-1.00%
07/02/2022,32.15,32.55,32.78,32.13,48.87,-1.47%
04/02/2022,32.63,32.41,33.23,31.88,59.35,1.75%
03/02/2022,32.07,32.35,32.92,31.62,51.09,-1.38%
02/02/2022,32.52,33.41,33.49,32.36,36.27,-1.45%
01/02/2022,33.00,32.35,33.32,31.95,57.32,2.01%
31/01/2022,32.35,32.50,33.00,32.07,62.45,-0.58%
28/01/2022,32.54,33.80,34.35,32.20,117.40,-3.96%
27/01/2022,33.88,34.25,34.64,33.17,90.63,0.03%
26/01/2022,33.87,33.30,34.27,33.30,98.68,2.67%
25/01/2022,32.99,31.70,33.23,31.58,98.36,3.26%
24/01/2022,31.95,31.69,32.25,31.04,79.12,0.57%
21/01/2022,31.77,31.57,31.88,31.53,60.38,0.16%
20/01/2022,31.72,31.50,32.00,31.11,85.35,0.73%
19/01/2022,31.49,31.90,32.21,31.44,77.48,-0.47%
18/01/2022,31.64,31.56,31.98,30.97,78.20,0.44%
17/01/2022,31.50,31.40,31.81,31.25,35.68,0.16%
14/01/2022,31.45,30.28,31.60,30.24,96.46,3.73%
13/01/2022,30.32,29.53,30.63,29.50,76.72,2.02%
12/01/2022,29.72,28.95,29.91,28.95,81.38,3.05%
11/01/2022,28.84,28.10,29.07,27.85,73.62,2.96%
10/01/2022,28.01,27.99,28.24,27.72,37.46,-0.60%
07/01/2022,28.18,28.11,28.29,27.82,47.51,0.46%
06/01/2022,28.05,28.29,28.65,27.84,61.16,-0.07%
05/01/2022,28.07,29.19,29.27,27.94,78.46,-3.87%
04/01/2022,29.20,29.16,29.40,28.91,51.74,0.38%
03/01/2022,29.09,28.54,29.22,28.53,52.70,2.25%
30/12/2021,28.45,28.55,28.70,28.39,43.23,-0.32%
29/12/2021,28.54,28.70,28.90,28.42,35.51,-0.83%
28/12/2021,28.78,29.01,29.28,28.70,30.69,0.10%
27/12/2021,28.75,28.32,28.78,28.15,44.23,1.48%
23/12/2021,28.33,28.33,28.42,28.15,28.71,0.60%
22/12/2021,28.16,28.40,28.40,27.97,33.73,-0.14%
21/12/2021,28.20,28.55,28.72,28.12,40.45,0.14%
20/12/2021,28.16,28.44,28.55,27.68,106.28,-2.86%
17/12/2021,28.99,29.32,29.64,28.78,93.23,-2.36%
16/12/2021,29.69,29.62,29.98,29.50,56.55,1.33%
15/12/2021,29.30,29.10,29.30,28.59,55.09,0.62%
14/12/2021,29.12,29.61,29.85,29.01,56.83,-1.19%
13/12/2021,29.47,29.67,30.05,29.29,45.45,-0.61%
10/12/2021,29.65,29.50,30.10,29.48,38.52,1.23%
09/12/2021,29.29,29.10,29.49,28.79,67.67,-0.20%
08/12/2021,29.35,29.36,30.07,29.22,71.15,-0.03%
07/12/2021,29.36,29.28,29.57,28.80,98.98,1.63%
06/12/2021,28.89,28.78,29.27,28.68,66.14,0.45%
03/12/2021,28.76,28.48,28.94,28.22,105.13,1.41%
02/12/2021,28.36,26.99,28.49,26.20,191.41,-4.19%
01/12/2021,29.60,29.84,30.67,29.48,135.08,0.58%
30/11/2021,29.43,29.30,29.64,28.86,129.38,-0.14%
29/11/2021,29.47,29.36,29.82,28.81,84.67,3.51%
26/11/2021,28.47,28.39,29.16,28.07,108.87,-3.88%
25/11/2021,29.62,29.05,29.79,28.56,104.05,4.41%
24/11/2021,28.37,27.78,28.44,27.51,64.26,2.05%
23/11/2021,27.80,26.61,28.05,26.50,108.38,5.46%
22/11/2021,26.36,26.30,27.13,26.29,59.20,1.00%
19/11/2021,26.10,26.10,26.28,25.78,84.86,-1.66%
18/11/2021,26.54,26.69,26.75,26.05,63.99,-0.15%
17/11/2021,26.58,27.39,27.44,26.49,82.11,-2.53%
16/11/2021,27.27,27.26,27.56,26.63,60.98,1.04%
12/11/2021,26.99,26.31,27.16,26.00,85.96,2.04%
11/11/2021,26.45,26.88,26.88,26.24,60.85,0.08%
10/11/2021,26.43,26.60,26.93,26.16,68.18,-0.79%
09/11/2021,26.64,26.20,26.95,26.20,73.02,1.99%
08/11/2021,26.12,25.81,26.66,25.72,59.70,1.04%
05/11/2021,25.85,26.29,26.54,25.78,85.79,-0.58%
04/11/2021,26.00,27.02,27.24,25.85,91.97,-3.17%
03/11/2021,26.85,27.71,27.85,26.80,81.99,-4.11%
01/11/2021,28.00,27.71,28.32,27.37,101.81,2.75%
29/10/2021,27.25,29.13,29.19,26.97,156.81,-5.90%
28/10/2021,28.96,28.53,29.25,28.25,87.35,0.94%
27/10/2021,28.69,28.83,29.06,28.47,57.27,-0.24%
26/10/2021,28.76,28.80,29.23,28.60,57.54,-0.96%
25/10/2021,29.04,27.76,29.31,27.65,135.26,6.84%
22/10/2021,27.18,27.10,27.76,25.77,138.16,-0.98%
21/10/2021,27.45,27.86,28.18,26.92,100.96,-3.38%
20/10/2021,28.41,28.27,28.80,27.95,55.26,1.43%
19/10/2021,28.01,29.24,29.32,27.86,111.00,-4.89%
18/10/2021,29.45,29.40,29.64,28.99,68.75,-0.51%
15/10/2021,29.60,29.80,29.84,29.51,71.60,-0.27%
14/10/2021,29.68,29.86,30.22,29.50,75.91,0.17%
13/10/2021,29.63,29.17,29.70,29.08,55.43,1.06%
11/10/2021,29.32,29.50,29.85,29.15,76.30,0.69%
08/10/2021,29.12,29.00,29.61,28.71,83.79,1.82%
07/10/2021,28.60,28.70,28.98,28.25,60.19,-0.14%
06/10/2021,28.64,28.95,29.17,28.47,84.20,-2.65%
05/10/2021,29.42,29.00,29.47,28.90,99.46,2.19%
04/10/2021,28.79,27.76,28.81,27.72,106.56,2.82%
01/10/2021,28.00,27.12,28.00,27.07,60.61,2.83%
30/09/2021,27.23,27.53,27.58,27.17,65.45,-0.58%
29/09/2021,27.39,27.21,27.53,26.82,58.55,1.59%
28/09/2021,26.96,27.19,27.89,26.72,117.50,-0.66%
27/09/2021,27.14,27.14,27.46,26.50,88.97,0.89%
24/09/2021,26.90,26.55,27.06,26.47,44.59,0.22%
23/09/2021,26.84,25.95,26.95,25.91,83.86,3.83%
22/09/2021,25.85,25.53,26.22,25.52,69.95,2.54%
21/09/2021,25.21,25.08,25.29,24.53,64.35,2.27%
20/09/2021,24.65,24.08,24.65,23.79,79.83,-1.12%
17/09/2021,24.93,25.97,26.02,24.77,128.32,-4.48%
16/09/2021,26.10,26.08,26.24,25.51,65.19,-0.87%
15/09/2021,26.33,26.00,26.46,25.87,66.93,1.74%
14/09/2021,25.88,25.95,26.25,25.72,65.21,-1.33%
13/09/2021,26.23,25.80,26.39,25.64,63.01,3.51%
10/09/2021,25.34,26.02,26.14,25.33,78.02,-0.63%
09/09/2021,25.50,25.08,25.88,24.14,154.71,2.12%
08/09/2021,24.97,26.29,26.35,24.79,79.42,-5.63%
06/09/2021,26.46,26.21,26.71,26.15,26.30,0.49%
03/09/2021,26.33,26.65,26.78,26.10,57.37,-1.02%
02/09/2021,26.60,27.00,27.35,26.46,55.50,-1.63%
01/09/2021,27.04,27.32,27.34,26.33,69.06,-0.55%
31/08/2021,27.19,28.20,28.23,26.99,109.91,-3.92%
30/08/2021,28.30,28.40,28.71,28.26,60.86,-0.67%
27/08/2021,28.49,27.70,28.49,27.67,76.10,3.64%
26/08/2021,27.49,27.58,27.88,27.47,40.64,-0.87%
25/08/2021,27.73,27.63,27.83,27.38,45.93,0.54%
24/08/2021,27.58,27.29,27.63,27.24,49.60,2.07%
23/08/2021,27.02,26.94,27.31,26.77,69.50,1.58%
20/08/2021,26.60,26.40,26.63,26.17,84.94,-0.15%
19/08/2021,26.64,26.26,26.87,26.13,80.25,-0.56%
18/08/2021,26.79,27.03,27.31,26.65,85.28,-0.89%
17/08/2021,27.03,26.84,27.63,26.45,92.96,-5.62%
16/08/2021,28.64,29.20,29.24,28.24,100.31,-2.42%
13/08/2021,29.35,29.06,29.61,29.02,84.74,0.86%
12/08/2021,29.10,28.66,29.19,28.50,94.92,1.50%
11/08/2021,28.67,28.16,28.99,27.97,97.61,1.38%
10/08/2021,28.28,28.30,28.78,28.24,84.02,0.32%
09/08/2021,28.19,27.95,28.21,27.67,75.03,-0.70%
06/08/2021,28.39,28.50,28.54,28.02,50.80,0.14%
05/08/2021,28.35,28.75,28.98,28.06,222.99,7.88%
04/08/2021,26.28,26.55,26.77,25.95,87.58,-2.12%
03/08/2021,26.85,26.36,26.87,25.79,71.53,1.67%
02/08/2021,26.41,27.20,27.41,26.37,70.04,-1.86%
30/07/2021,26.91,27.60,27.83,26.83,73.60,-3.24%
29/07/2021,27.81,27.80,27.92,27.50,43.60,0.36%
28/07/2021,27.71,27.43,27.90,27.20,46.58,2.06%
27/07/2021,27.15,27.35,27.40,26.90,51.66,-1.16%
26/07/2021,27.47,26.74,27.47,26.72,46.40,2.73%
23/07/2021,26.74,27.10,27.17,26.68,33.77,-0.59%
22/07/2021,26.90,27.00,27.22,26.71,37.43,-0.22%
21/07/2021,26.96,26.79,27.24,26.59,50.12,1.39%
20/07/2021,26.59,26.19,26.94,25.90,63.09,1.33%
19/07/2021,26.24,25.97,26.45,25.86,79.83,-1.65%
16/07/2021,26.68,27.23,27.38,26.58,67.46,-1.48%
15/07/2021,27.08,27.49,27.63,26.92,67.61,-2.13%
14/07/2021,27.67,28.10,28.20,27.54,51.40,-0.82%
13/07/2021,27.90,27.56,27.97,27.38,41.20,0.61%
12/07/2021,27.73,27.58,27.78,27.28,52.41,0.87%
08/07/2021,27.49,27.40,27.68,27.27,80.20,-2.00%
07/07/2021,28.05,28.15,28.15,27.41,73.36,1.37%
06/07/2021,27.67,28.70,28.80,27.67,97.04,-4.09%
05/07/2021,28.85,29.01,29.16,28.37,55.76,-1.13%
02/07/2021,29.18,29.30,29.38,28.73,37.22,0.41%
01/07/2021,29.06,29.74,29.88,28.92,64.86,-1.26%
30/06/2021,29.43,29.03,29.57,28.92,70.91,0.86%
29/06/2021,29.18,29.09,29.18,28.74,43.10,0.45%
28/06/2021,29.05,29.18,29.27,28.67,40.16,-0.17%
25/06/2021,29.10,29.69,29.79,28.95,84.49,-1.85%
24/06/2021,29.65,29.49,29.65,29.22,51.14,1.19%
23/06/2021,29.30,29.25,29.52,29.00,57.11,0.69%
22/06/2021,29.10,29.00,29.27,28.67,41.44,0.52%
21/06/2021,28.95,28.40,29.00,28.40,50.41,2.22%
18/06/2021,28.32,28.00,28.42,27.64,114.06,0.68%
17/06/2021,28.13,29.01,29.20,27.91,94.48,-3.47%
16/06/2021,29.14,29.08,29.29,28.77,76.78,0.38%
15/06/2021,29.03,28.96,29.06,28.63,42.30,0.97%
14/06/2021,28.75,28.90,29.35,28.61,64.04,0.63%
11/06/2021,28.57,28.80,28.85,28.26,54.78,-0.38%
10/06/2021,28.68,28.83,29.03,28.57,35.66,0.07%
09/06/2021,28.66,28.72,29.08,28.52,60.37,0.00%
08/06/2021,28.66,28.17,28.80,27.96,88.14,1.31%
07/06/2021,28.29,28.50,28.55,28.01,74.03,-0.74%
04/06/2021,28.50,28.06,28.62,27.92,102.40,1.57%
02/06/2021,28.06,27.35,28.07,27.26,104.09,2.82%
01/06/2021,27.29,27.40,27.70,27.01,90.02,1.56%
31/05/2021,26.87,26.96,27.20,26.78,46.03,-0.44%
28/05/2021,26.99,26.20,27.02,26.15,128.99,4.17%
27/05/2021,25.91,26.08,26.25,25.77,48.45,-0.69%
26/05/2021,26.09,25.91,26.18,25.65,46.25,0.97%
25/05/2021,25.84,26.48,26.62,25.78,63.21,-2.08%
24/05/2021,26.39,26.28,26.52,25.99,62.78,1.70%
21/05/2021,25.95,26.08,26.31,25.94,81.34,0.08%
20/05/2021,25.93,26.15,26.28,25.72,70.99,-0.84%
19/05/2021,26.15,25.85,26.35,25.80,84.35,-0.76%
18/05/2021,26.35,26.70,26.80,26.27,62.02,-1.16%
17/05/2021,26.66,26.30,26.66,26.20,82.94,1.45%
14/05/2021,26.28,25.80,26.38,25.55,195.81,5.16%
13/05/2021,24.99,24.76,25.10,24.43,76.72,0.85%
12/05/2021,24.78,24.95,25.53,24.69,89.35,-1.47%
11/05/2021,25.15,24.44,25.17,24.32,73.36,1.82%
10/05/2021,24.70,24.80,24.98,24.58,73.59,1.31%
07/05/2021,24.38,23.64,24.45,23.46,73.69,3.74%
06/05/2021,23.50,23.71,23.85,23.40,53.65,-1.38%
05/05/2021,23.83,23.17,23.95,23.12,75.38,4.11%
04/05/2021,22.89,23.54,23.64,22.88,43.71,-2.30%
03/05/2021,23.43,23.80,23.81,23.30,47.97,-0.80%
30/04/2021,23.62,23.40,23.93,23.28,60.38,0.00%
29/04/2021,23.62,24.12,24.29,23.42,49.20,-1.34%
28/04/2021,23.94,23.40,24.09,23.36,65.86,3.64%
27/04/2021,23.10,23.82,24.17,23.10,75.80,-2.86%
26/04/2021,23.78,23.85,24.05,23.61,33.02,0.38%
23/04/2021,23.69,23.88,23.94,23.51,59.82,-0.08%
22/04/2021,23.71,24.14,24.19,23.65,46.19,-0.46%
20/04/2021,23.82,24.33,24.59,23.76,93.94,-1.89%
19/04/2021,24.28,22.95,24.89,22.77,195.00,5.80%
16/04/2021,22.95,23.13,23.24,22.81,59.15,-0.61%
15/04/2021,23.09,23.70,23.83,23.02,63.51,-5.17%
14/04/2021,24.35,24.20,24.58,23.98,90.29,1.59%
13/04/2021,23.97,23.98,24.11,23.69,52.78,0.33%
12/04/2021,23.89,23.96,24.37,23.78,50.14,1.01%
09/04/2021,23.65,23.50,23.78,23.37,46.82,-0.21%
08/04/2021,23.70,23.98,24.04,23.37,62.74,-1.25%
07/04/2021,24.00,23.94,24.34,23.93,55.07,-0.08%
06/04/2021,24.02,24.18,24.37,23.91,45.51,-0.08%
05/04/2021,24.04,24.13,24.20,23.68,40.18,0.63%
01/04/2021,23.89,24.29,24.39,23.78,46.75,-0.87%
31/03/2021,24.10,23.80,24.23,23.78,68.27,1.13%
30/03/2021,23.83,23.64,23.99,23.57,40.70,0.00%
29/03/2021,23.83,23.34,23.83,23.28,49.67,1.58%
26/03/2021,23.46,23.48,23.88,23.11,60.63,1.12%
25/03/2021,23.20,22.70,23.30,22.16,78.84,1.67%
24/03/2021,22.82,23.19,23.54,22.82,62.21,0.09%
23/03/2021,22.80,23.17,23.63,22.80,56.43,-3.06%
22/03/2021,23.52,23.69,23.78,23.23,43.73,-2.00%
19/03/2021,24.00,23.27,24.04,23.18,89.62,3.27%
18/03/2021,23.24,23.88,23.90,23.07,76.65,-3.49%
17/03/2021,24.08,23.14,24.13,23.11,77.63,3.44%
16/03/2021,23.28,23.63,23.68,23.23,43.12,-1.56%
15/03/2021,23.65,23.11,23.67,23.10,67.54,2.07%
12/03/2021,23.17,23.15,23.38,22.86,68.12,-0.52%
11/03/2021,23.29,22.62,23.49,22.61,130.58,4.25%
10/03/2021,22.34,21.94,22.34,21.58,111.74,3.47%
09/03/2021,21.59,21.36,21.95,20.86,122.55,2.32%
08/03/2021,21.10,21.94,22.28,20.96,141.14,-5.76%
05/03/2021,22.39,22.44,23.22,22.29,126.31,0.77%
04/03/2021,22.22,21.30,22.40,21.12,127.84,4.86%
03/03/2021,21.19,21.80,21.89,20.48,185.69,-3.64%
02/03/2021,21.99,21.84,22.33,20.67,147.77,-0.05%
01/03/2021,22.00,22.80,23.04,21.92,90.33,-1.08%
26/02/2021,22.24,23.20,23.42,21.97,159.88,-4.10%
25/02/2021,23.19,25.00,25.25,23.10,170.15,-4.96%
24/02/2021,24.40,24.55,25.00,24.01,155.25,1.41%
23/02/2021,24.06,23.05,24.26,22.71,293.50,12.17%
22/02/2021,21.45,22.80,23.20,21.40,490.23,-21.51%
19/02/2021,27.33,28.03,28.49,27.17,215.83,-6.63%
18/02/2021,29.27,30.38,30.92,29.04,105.54,-1.08%
17/02/2021,29.59,28.52,29.60,28.13,54.97,4.04%
12/02/2021,28.44,27.81,28.49,27.61,47.80,1.28%
11/02/2021,28.08,28.14,28.50,27.87,61.16,1.01%
10/02/2021,27.80,27.74,28.04,27.12,52.95,0.94%
09/02/2021,27.54,28.05,28.37,27.38,63.66,-2.03%
08/02/2021,28.11,28.51,29.30,27.80,98.82,-3.14%
05/02/2021,29.02,28.98,30.09,28.32,121.10,0.69%
04/02/2021,28.82,28.83,28.99,28.21,41.44,-0.10%
03/02/2021,28.85,28.98,29.14,28.66,51.77,0.66%
02/02/2021,28.66,28.40,29.14,28.20,91.66,4.10%
01/02/2021,27.53,27.26,27.68,26.83,44.45,3.15%
29/01/2021,26.69,27.52,27.68,26.69,67.56,-3.85%
28/01/2021,27.76,27.32,28.45,27.31,67.83,1.39%
27/01/2021,27.38,26.81,28.17,26.53,68.34,1.41%
26/01/2021,27.00,27.25,27.97,26.82,64.51,-0.33%
22/01/2021,27.09,26.93,27.24,26.56,51.18,-1.67%
21/01/2021,27.55,28.02,28.40,27.51,41.28,-2.34%
20/01/2021,28.21,28.95,29.12,28.11,60.31,-1.67%
19/01/2021,28.69,28.48,28.86,27.64,61.65,2.21%
18/01/2021,28.07,28.31,28.85,28.01,68.86,-0.18%
15/01/2021,28.12,29.05,29.08,28.03,80.67,-4.52%
14/01/2021,29.45,29.17,29.67,28.72,50.73,1.03%
13/01/2021,29.15,30.68,30.86,29.00,93.83,-4.83%
12/01/2021,30.63,31.12,31.56,30.63,65.69,-0.75%
11/01/2021,30.86,30.61,31.06,30.40,48.74,-0.84%
08/01/2021,31.12,31.46,31.76,30.35,67.14,0.39%
07/01/2021,31.00,30.34,31.15,30.34,56.16,3.09%
06/01/2021,30.07,30.16,30.90,30.05,96.56,0.10%
05/01/2021,30.04,28.90,30.18,28.24,95.18,3.91%
04/01/2021,28.91,28.65,29.18,28.53,74.72,2.01%
30/12/2020,28.34,28.35,28.49,28.20,36.97,0.25%
29/12/2020,28.27,28.38,28.43,27.99,29.89,0.32%
28/12/2020,28.18,28.36,28.52,28.18,36.31,0.82%
23/12/2020,27.95,27.43,28.25,27.35,49.04,2.46%
22/12/2020,27.28,27.20,27.47,27.05,46.51,0.96%
21/12/2020,27.02,27.19,27.49,26.52,99.99,-3.84%
18/12/2020,28.10,28.10,28.32,28.02,44.71,-0.50%
17/12/2020,28.24,28.30,28.39,28.07,39.15,0.18%
16/12/2020,28.19,27.85,28.24,27.47,59.40,1.22%
15/12/2020,27.85,27.80,27.99,27.64,47.21,0.83%
14/12/2020,27.62,28.03,28.27,27.62,53.16,0.18%
11/12/2020,27.57,27.49,27.84,27.28,48.33,-0.90%
10/12/2020,27.82,27.19,28.20,27.13,97.54,3.27%
09/12/2020,26.94,26.63,26.97,26.40,52.45,1.05%
08/12/2020,26.66,26.81,27.14,26.46,46.28,-1.26%
07/12/2020,27.00,27.27,27.79,26.67,72.66,-1.93%
04/12/2020,27.53,27.19,27.57,27.06,61.65,3.34%
03/12/2020,26.64,26.15,26.89,26.05,62.42,2.82%
02/12/2020,25.91,25.60,26.50,25.33,88.09,1.21%
01/12/2020,25.60,25.40,25.77,25.29,58.87,2.81%
30/11/2020,24.90,25.26,25.88,24.84,90.21,-2.35%
27/11/2020,25.50,25.92,26.06,25.45,49.86,-1.24%
26/11/2020,25.82,25.94,25.95,25.56,41.94,-1.64%
25/11/2020,26.25,26.20,26.50,25.67,73.97,0.11%
24/11/2020,26.22,25.64,26.67,25.64,153.29,4.46%
23/11/2020,25.10,24.05,25.10,24.04,125.65,6.13%
20/11/2020,23.65,23.84,23.99,23.47,38.14,-0.71%
19/11/2020,23.82,23.55,23.94,23.37,65.38,1.15%
18/11/2020,23.55,23.99,24.13,23.55,68.54,-0.59%
17/11/2020,23.69,23.05,24.14,22.98,94.08,1.72%
16/11/2020,23.29,23.20,23.63,23.13,101.58,2.92%
13/11/2020,22.63,22.02,22.80,21.89,66.07,3.29%
12/11/2020,21.91,22.74,22.82,21.77,77.28,-4.24%
11/11/2020,22.88,23.35,23.36,22.40,93.07,-0.87%
10/11/2020,23.08,21.89,23.15,21.81,163.59,6.80%
09/11/2020,21.61,21.11,22.69,21.04,164.90,9.42%
06/11/2020,19.75,19.55,19.95,19.54,37.27,-0.70%
05/11/2020,19.89,19.95,19.99,19.72,40.87,0.86%
04/11/2020,19.72,20.01,20.07,19.27,65.78,0.36%
03/11/2020,19.65,19.51,19.90,19.33,66.29,3.75%
30/10/2020,18.94,19.14,19.54,18.87,63.58,-1.81%
29/10/2020,19.29,18.43,19.37,17.74,85.50,3.32%
28/10/2020,18.67,19.35,19.44,18.67,78.43,-6.09%
27/10/2020,19.88,20.26,20.37,19.81,47.47,-1.83%
26/10/2020,20.25,20.33,20.53,20.03,57.57,-1.56%
23/10/2020,20.57,20.94,21.14,20.54,61.33,-1.30%
22/10/2020,20.84,20.10,20.84,20.05,98.36,3.37%
21/10/2020,20.16,20.16,20.33,19.83,60.20,-0.10%
20/10/2020,20.18,19.67,20.27,19.59,68.01,3.38%
19/10/2020,19.52,19.41,19.94,19.25,107.22,0.98%
16/10/2020,19.33,19.67,19.71,19.32,49.14,-2.13%
15/10/2020,19.75,19.62,19.77,19.44,56.25,-1.10%
14/10/2020,19.97,20.09,20.37,19.97,43.91,-0.79%
13/10/2020,20.13,19.91,20.13,19.73,54.83,1.67%
09/10/2020,19.80,20.34,20.39,19.80,67.29,-3.13%
08/10/2020,20.44,20.04,20.59,19.86,77.72,3.28%
07/10/2020,19.79,20.00,20.05,19.56,52.97,-0.70%
06/10/2020,19.93,20.47,20.70,19.93,76.27,-0.50%
05/10/2020,20.03,19.36,20.16,19.24,72.63,5.31%
02/10/2020,19.02,19.73,19.74,19.02,83.73,-4.18%
01/10/2020,19.85,19.64,20.06,19.13,76.06,1.22%
30/09/2020,19.61,19.50,20.04,19.43,68.79,1.55%
29/09/2020,19.31,19.63,19.86,19.25,52.49,-1.63%
28/09/2020,19.63,20.33,20.56,19.63,48.20,-2.48%
25/09/2020,20.13,20.15,20.26,19.87,39.91,-1.32%
24/09/2020,20.40,20.24,20.71,20.06,76.03,0.84%
23/09/2020,20.23,20.80,20.96,20.20,56.40,-2.74%
22/09/2020,20.80,20.96,21.35,20.75,46.69,-0.48%
21/09/2020,20.90,21.29,21.46,20.81,72.73,-3.46%
18/09/2020,21.65,21.99,22.15,21.55,63.61,-2.26%
17/09/2020,22.15,21.51,22.17,21.46,59.98,1.93%
16/09/2020,21.73,21.85,21.99,21.60,50.03,0.28%
15/09/2020,21.67,21.98,22.08,21.55,58.19,-0.05%
14/09/2020,21.68,21.94,21.98,21.43,45.77,-0.91%
11/09/2020,21.88,22.12,22.26,21.75,70.48,-1.08%
10/09/2020,22.12,22.58,22.58,22.11,57.04,-2.68%
09/09/2020,22.73,22.49,22.77,22.49,41.88,2.11%
08/09/2020,22.26,22.50,22.50,21.91,74.10,-2.88%
04/09/2020,22.92,23.00,23.03,22.58,51.91,0.17%
03/09/2020,22.88,22.61,23.12,22.57,87.43,0.35%
02/09/2020,22.80,22.93,23.10,22.52,53.15,-0.31%
01/09/2020,22.87,22.20,22.89,22.12,65.90,4.48%
31/08/2020,21.89,22.32,22.43,21.89,47.68,-2.88%
28/08/2020,22.54,22.25,22.54,22.06,30.66,1.76%
27/08/2020,22.15,22.32,22.47,22.04,34.93,-0.32%
26/08/2020,22.22,22.78,22.90,22.04,69.15,-2.84%
25/08/2020,22.87,23.09,23.15,22.69,37.57,-0.44%
24/08/2020,22.97,22.86,23.13,22.80,51.45,1.82%
21/08/2020,22.56,22.54,22.63,22.35,38.24,-0.75%
20/08/2020,22.73,22.52,22.87,22.35,54.78,-0.70%
19/08/2020,22.89,22.95,23.32,22.75,51.57,-0.56%
18/08/2020,23.02,22.93,23.24,22.77,49.01,1.86%
17/08/2020,22.60,22.68,22.84,22.15,51.69,-0.31%
14/08/2020,22.67,22.77,22.98,22.53,38.15,-0.74%
13/08/2020,22.84,23.45,23.58,22.71,44.08,-2.73%
12/08/2020,23.48,23.36,23.68,23.08,66.47,1.73%
11/08/2020,23.08,23.71,23.88,23.06,66.05,-1.58%
10/08/2020,23.45,22.90,23.45,22.64,52.09,2.90%
07/08/2020,22.79,22.86,22.91,22.55,55.69,-1.85%
06/08/2020,23.22,23.28,23.53,23.01,56.09,0.17%
05/08/2020,23.18,22.23,23.28,22.23,136.72,6.43%
04/08/2020,21.78,21.46,22.05,21.25,62.52,-0.09%
03/08/2020,21.80,22.54,22.55,21.72,62.84,-1.80%
31/07/2020,22.20,22.92,23.14,22.16,74.90,-2.72%
30/07/2020,22.82,22.92,22.92,22.50,57.40,-1.51%
29/07/2020,23.17,23.03,23.25,22.92,43.66,1.62%
28/07/2020,22.80,23.04,23.32,22.80,47.67,-1.72%
27/07/2020,23.20,22.87,23.25,22.45,56.26,2.07%
24/07/2020,22.73,22.54,23.06,22.42,42.78,0.71%
23/07/2020,22.57,23.16,23.23,22.54,63.72,-2.08%
22/07/2020,23.05,23.30,23.41,23.01,42.83,-1.37%
21/07/2020,23.37,23.15,23.60,23.14,101.16,2.77%
20/07/2020,22.74,22.70,22.91,22.52,48.37,0.00%
17/07/2020,22.74,22.83,23.03,22.58,49.42,0.09%
16/07/2020,22.72,23.16,23.28,22.52,69.01,-2.66%
15/07/2020,23.34,23.20,23.43,22.85,58.11,1.92%
14/07/2020,22.90,22.13,22.96,21.86,88.80,3.34%
13/07/2020,22.16,22.61,22.65,22.16,54.70,-1.55%
10/07/2020,22.51,22.19,22.65,22.06,56.92,1.67%
09/07/2020,22.14,22.78,22.81,22.06,56.60,-2.25%
08/07/2020,22.65,22.45,22.76,22.40,48.73,1.89%
07/07/2020,22.23,22.34,22.47,22.14,46.33,-1.24%
06/07/2020,22.51,22.39,22.86,22.31,57.60,2.41%
03/07/2020,21.98,21.95,22.18,21.80,23.64,-0.36%
02/07/2020,22.06,22.10,22.21,21.86,55.97,1.61%
01/07/2020,21.71,21.75,22.25,21.52,78.53,0.74%
30/06/2020,21.55,21.34,21.80,21.09,64.52,-0.51%
29/06/2020,21.66,21.10,21.66,20.93,59.39,3.93%
26/06/2020,20.84,21.21,21.47,20.78,54.47,-2.93%
25/06/2020,21.47,20.91,21.47,20.73,46.88,2.24%
24/06/2020,21.00,21.49,21.56,20.71,64.93,-3.00%
23/06/2020,21.65,21.22,22.07,21.14,78.52,3.34%
22/06/2020,20.95,21.60,21.60,20.90,44.56,-2.42%
19/06/2020,21.47,22.00,22.22,21.22,90.35,-0.60%
18/06/2020,21.60,21.18,21.77,21.08,56.62,0.75%
17/06/2020,21.44,21.48,21.85,21.15,62.47,0.33%
16/06/2020,21.37,21.56,21.91,21.17,94.17,3.24%
15/06/2020,20.70,19.81,21.09,19.54,99.37,0.49%
12/06/2020,20.60,20.62,21.17,20.10,116.29,-3.74%
10/06/2020,21.40,21.89,21.90,21.00,102.04,-1.47%
09/06/2020,21.72,22.03,22.04,21.64,95.48,-3.60%
08/06/2020,22.53,22.55,22.59,22.01,81.48,1.95%
05/06/2020,22.10,22.29,23.03,22.06,113.41,3.13%
04/06/2020,21.43,21.39,21.78,21.04,106.93,-0.19%
03/06/2020,21.47,21.86,21.91,21.41,85.62,0.33%
02/06/2020,21.40,20.75,21.40,20.60,76.09,5.26%
01/06/2020,20.33,20.15,20.56,20.00,86.10,-0.05%
29/05/2020,20.34,19.55,20.34,19.30,127.22,2.88%
28/05/2020,19.77,19.69,20.08,19.45,64.40,-0.80%
27/05/2020,19.93,19.80,19.93,19.15,74.31,1.32%
26/05/2020,19.67,19.98,20.09,19.33,68.29,0.98%
25/05/2020,19.48,19.48,19.56,19.26,37.58,4.34%
22/05/2020,18.67,18.80,18.90,18.35,68.84,-2.71%
21/05/2020,19.19,19.50,19.77,19.07,80.92,-0.57%
20/05/2020,19.30,19.09,19.44,19.06,74.12,3.32%
19/05/2020,18.68,18.51,18.93,18.41,79.69,0.76%
18/05/2020,18.54,18.10,18.54,17.92,116.00,8.10%
15/05/2020,17.15,17.99,18.19,17.15,132.87,-1.44%
14/05/2020,17.40,17.40,17.47,16.72,118.69,-1.08%
13/05/2020,17.59,18.26,18.35,17.52,86.70,-3.03%
12/05/2020,18.14,18.53,18.83,18.13,70.45,-0.06%
11/05/2020,18.15,18.30,18.93,18.11,64.54,-1.79%
08/05/2020,18.48,17.74,18.58,17.71,82.59,5.96%
07/05/2020,17.44,17.75,17.87,17.35,80.91,0.93%
06/05/2020,17.28,17.87,18.06,17.28,66.94,-3.68%
05/05/2020,17.94,17.90,18.48,17.87,74.53,3.22%
04/05/2020,17.38,17.43,17.62,17.18,59.67,-3.71%
30/04/2020,18.05,17.98,18.42,17.70,79.40,-0.82%
29/04/2020,18.20,17.80,18.48,17.53,94.05,5.51%
28/04/2020,17.25,17.04,17.25,16.63,91.14,4.86%
27/04/2020,16.45,16.14,16.53,15.78,85.57,3.13%
24/04/2020,15.95,16.69,16.79,15.28,160.18,-5.90%
23/04/2020,16.95,17.20,17.43,16.62,94.32,1.19%
22/04/2020,16.75,15.85,16.75,15.78,114.26,5.02%
20/04/2020,15.95,15.48,16.33,15.34,132.87,-1.12%
17/04/2020,16.13,15.75,16.13,15.56,116.22,2.61%
16/04/2020,15.72,16.67,16.76,15.53,113.22,-4.03%
15/04/2020,16.38,16.04,16.47,15.86,86.29,-2.09%
14/04/2020,16.73,17.02,17.30,16.61,90.49,-1.18%
13/04/2020,16.93,16.82,17.09,16.33,93.26,0.65%
09/04/2020,16.82,17.94,18.69,16.50,184.87,-2.89%
08/04/2020,17.32,16.50,17.53,16.40,114.58,5.61%
07/04/2020,16.40,16.61,17.07,16.34,139.72,3.99%
06/04/2020,15.77,16.05,16.10,15.18,122.54,2.80%
03/04/2020,15.34,16.30,16.36,14.93,142.01,-1.10%
02/04/2020,15.51,15.40,16.55,15.01,233.81,8.46%
01/04/2020,14.30,13.45,14.55,13.32,113.48,2.22%
31/03/2020,13.99,13.60,14.54,13.60,155.31,4.56%
30/03/2020,13.38,13.15,13.74,12.83,110.53,0.60%
27/03/2020,13.30,13.30,13.69,13.25,100.33,-7.57%
26/03/2020,14.39,14.40,15.19,13.81,129.59,0.49%
25/03/2020,14.32,13.24,14.79,12.83,157.33,8.08%
24/03/2020,13.25,12.57,13.54,12.28,113.40,15.22%
23/03/2020,11.50,12.11,12.18,11.28,106.11,-4.17%
20/03/2020,12.00,13.11,13.50,11.83,148.24,-1.72%
19/03/2020,12.21,11.07,13.07,10.85,155.41,8.15%
18/03/2020,11.29,11.79,12.29,10.87,161.41,-13.15%
17/03/2020,13.00,13.60,13.84,13.00,148.05,-0.69%
16/03/2020,13.09,12.91,14.10,12.55,125.35,-15.00%
13/03/2020,15.40,15.10,15.40,12.70,173.05,22.22%
12/03/2020,12.60,13.66,13.86,11.08,149.99,-20.50%
11/03/2020,15.85,16.70,17.13,15.00,129.76,-9.74%
10/03/2020,17.56,18.65,18.65,16.37,169.49,9.41%
09/03/2020,16.05,17.81,18.23,15.41,252.82,-29.70%
06/03/2020,22.83,24.10,24.13,22.55,138.60,-9.73%
05/03/2020,25.29,26.33,26.67,24.71,69.72,-5.95%
04/03/2020,26.89,26.91,26.94,26.24,42.32,3.22%
03/03/2020,26.05,26.57,27.48,25.76,86.86,-1.81%
02/03/2020,26.53,25.50,26.75,25.48,71.60,4.70%
28/02/2020,25.34,25.16,25.56,24.62,89.10,0.16%
27/02/2020,25.30,25.72,26.53,24.89,100.11,-3.47%
26/02/2020,26.21,27.04,27.39,26.03,89.21,-10.05%
21/02/2020,29.14,29.51,29.68,29.03,47.81,-2.61%
20/02/2020,29.92,30.80,30.89,29.75,73.52,-2.06%
19/02/2020,30.55,29.87,30.55,29.76,44.18,2.69%
18/02/2020,29.75,29.06,29.77,28.95,33.89,1.33%
17/02/2020,29.36,29.63,29.77,29.31,38.68,-0.20%
14/02/2020,29.42,29.86,29.96,29.34,30.40,-1.01%
13/02/2020,29.72,29.77,30.21,29.64,55.28,-1.36%
12/02/2020,30.13,29.64,30.28,29.63,64.85,2.20%
11/02/2020,29.48,29.40,29.63,29.26,37.52,1.20%
10/02/2020,29.13,28.89,29.13,28.64,45.33,0.69%
07/02/2020,28.93,29.00,29.35,28.73,54.51,-0.86%
06/02/2020,29.18,28.70,29.51,28.12,126.11,2.78%
05/02/2020,28.39,29.05,29.22,28.39,67.99,-0.84%
04/02/2020,28.63,28.65,29.04,28.56,57.66,1.60%
03/02/2020,28.18,28.52,28.73,28.16,39.45,-0.95%
31/01/2020,28.45,28.63,28.84,28.31,55.45,-1.69%
30/01/2020,28.94,28.28,29.04,28.18,44.27,0.31%
29/01/2020,28.85,29.00,29.08,28.67,42.30,0.17%
28/01/2020,28.80,28.43,29.14,28.42,47.26,2.75%
27/01/2020,28.03,28.63,28.64,27.67,66.11,-4.33%
24/01/2020,29.30,29.56,29.78,29.14,36.90,-1.01%
23/01/2020,29.60,29.09,29.76,28.82,53.75,1.06%
22/01/2020,29.29,29.73,29.81,29.27,32.49,-1.11%
21/01/2020,29.62,29.80,29.94,29.55,28.58,-1.27%
20/01/2020,30.00,29.70,30.10,29.65,31.24,0.50%
17/01/2020,29.85,29.72,29.85,29.54,34.91,1.12%
16/01/2020,29.52,29.60,29.70,29.33,29.00,-0.10%
15/01/2020,29.55,29.90,29.93,29.54,34.41,-1.50%
14/01/2020,30.00,30.23,30.27,29.77,39.80,-1.09%
13/01/2020,30.33,30.35,30.43,30.21,30.68,0.20%
10/01/2020,30.27,30.39,30.44,30.13,25.40,-0.43%
09/01/2020,30.40,30.47,30.62,30.25,36.10,-0.33%
08/01/2020,30.50,30.69,30.77,30.24,48.22,-0.62%
07/01/2020,30.69,30.82,30.88,30.47,32.82,-0.39%
06/01/2020,30.81,30.43,30.94,29.95,81.84,1.18%
03/01/2020,30.45,30.88,31.24,30.45,71.60,-0.81%
02/01/2020,30.70,30.51,30.70,30.31,37.77,1.72%
30/12/2019,30.18,30.55,30.71,30.15,22.11,-1.11%
27/12/2019,30.52,30.69,30.92,30.29,25.00,0.10%
26/12/2019,30.49,30.17,30.51,30.08,24.81,1.34%
23/12/2019,30.08,29.78,30.08,29.62,21.97,0.79%
20/12/2019,29.85,30.18,30.18,29.61,93.06,-1.14%
19/12/2019,30.19,30.04,30.33,30.01,39.70,0.23%
18/12/2019,30.12,29.35,30.15,29.30,64.20,2.31%
17/12/2019,29.44,29.24,29.49,29.03,40.68,1.50%
16/12/2019,29.01,29.64,29.76,29.01,68.87,-1.90%
13/12/2019,29.57,30.47,30.55,29.46,105.00,-3.20%
12/12/2019,30.55,30.22,30.63,30.07,47.80,1.88%
11/12/2019,29.99,30.09,30.29,29.85,38.46,-0.13%
10/12/2019,30.03,29.69,30.03,29.49,27.53,0.76%
09/12/2019,29.80,29.89,30.07,29.71,34.69,-0.46%
06/12/2019,29.94,29.74,30.17,29.72,44.35,1.00%
05/12/2019,29.64,29.24,29.98,29.12,50.45,1.31%
04/12/2019,29.26,28.86,29.26,28.71,44.96,2.35%
03/12/2019,28.59,28.77,28.79,28.34,29.19,-0.31%
02/12/2019,28.67,29.00,29.10,28.67,31.35,-0.27%
29/11/2019,28.75,29.09,29.16,28.62,37.70,-1.29%
28/11/2019,29.13,28.92,29.14,28.42,46.60,0.68%
27/11/2019,28.93,28.95,29.25,28.74,33.07,0.48%
26/11/2019,28.79,29.22,29.33,28.70,54.15,-1.82%
25/11/2019,29.33,29.51,29.69,29.23,29.87,-0.83%
22/11/2019,29.57,29.36,29.93,29.16,34.79,0.44%
21/11/2019,29.44,28.54,29.44,28.49,53.03,3.72%
19/11/2019,28.39,28.85,29.09,28.34,33.74,-1.03%
18/11/2019,28.68,29.30,29.44,28.67,54.47,-0.75%
14/11/2019,28.90,29.47,29.69,28.87,44.60,-2.01%
13/11/2019,29.49,29.54,29.72,29.21,41.83,-0.40%
12/11/2019,29.61,29.63,30.19,29.60,41.66,-0.76%
11/11/2019,29.84,29.25,29.84,29.19,30.57,1.43%
08/11/2019,29.42,29.84,30.17,29.33,61.57,-2.85%
07/11/2019,30.28,29.40,30.45,28.95,96.33,4.01%
06/11/2019,29.11,29.45,30.08,27.54,154.00,0.20%
05/11/2019,29.05,29.80,29.99,28.99,92.98,-2.34%
04/11/2019,29.75,30.27,30.59,29.36,81.02,-0.23%
01/11/2019,29.82,29.98,30.60,29.24,100.85,0.13%
31/10/2019,29.78,29.26,29.85,29.04,66.62,1.03%
30/10/2019,29.48,29.17,29.49,28.88,62.69,0.87%
29/10/2019,29.22,28.81,29.34,28.67,49.75,0.74%
28/10/2019,29.01,28.63,29.06,28.54,37.25,1.20%
25/10/2019,28.66,28.61,28.96,28.43,74.14,3.28%
24/10/2019,27.75,28.56,28.66,27.66,60.12,-2.18%
23/10/2019,28.37,27.96,28.50,27.88,45.78,1.33%
22/10/2019,28.00,27.24,28.10,27.21,63.74,2.88%
21/10/2019,27.21,27.19,27.25,27.05,43.16,0.62%
18/10/2019,27.05,27.33,27.43,27.05,35.74,-0.22%
17/10/2019,27.10,27.37,27.44,27.04,31.06,-0.97%
16/10/2019,27.37,27.00,27.41,26.81,31.31,1.20%
15/10/2019,27.05,26.76,27.32,26.76,30.11,1.06%
14/10/2019,26.76,26.50,26.78,26.40,20.67,0.18%
11/10/2019,26.71,26.39,26.81,26.39,36.83,1.94%
10/10/2019,26.20,26.06,26.34,26.01,30.71,0.83%
09/10/2019,25.99,25.82,26.17,25.62,34.87,1.92%
08/10/2019,25.50,25.64,25.91,25.43,30.14,-0.57%
07/10/2019,25.64,25.84,26.07,25.58,26.06,-1.28%
04/10/2019,25.98,26.31,26.38,25.74,47.66,-0.86%
03/10/2019,26.20,26.21,26.27,25.75,45.84,0.07%
02/10/2019,26.18,26.67,26.71,26.08,50.90,-2.87%
01/10/2019,26.96,27.05,27.17,26.81,32.22,-0.15%
30/09/2019,27.00,27.01,27.08,26.85,22.98,-0.40%
27/09/2019,27.10,27.00,27.39,26.97,31.82,-0.14%
26/09/2019,27.14,26.85,27.14,26.68,33.47,1.32%
25/09/2019,26.79,26.49,26.80,26.24,28.96,0.26%
24/09/2019,26.72,26.87,26.99,26.60,36.53,-0.76%
23/09/2019,26.93,26.46,26.94,26.38,32.51,1.78%
20/09/2019,26.46,26.80,26.88,26.46,51.58,-1.06%
19/09/2019,26.74,27.27,27.29,26.67,41.98,0.26%
18/09/2019,26.67,26.82,26.94,26.67,40.14,-1.70%
17/09/2019,27.13,27.10,27.19,26.61,67.14,-1.32%
16/09/2019,27.50,27.56,27.67,27.13,166.97,4.39%
13/09/2019,26.34,26.58,26.65,26.28,24.53,-0.67%
12/09/2019,26.52,26.32,26.59,26.10,40.66,0.71%
11/09/2019,26.33,26.80,26.80,26.29,51.21,-0.85%
10/09/2019,26.56,26.51,26.80,26.24,43.96,0.63%
09/09/2019,26.39,26.21,26.48,26.16,37.12,1.55%
06/09/2019,25.99,25.87,26.32,25.67,48.34,0.49%
05/09/2019,25.86,26.07,26.25,25.81,48.38,0.50%
04/09/2019,25.73,25.63,25.84,25.48,56.00,2.58%
03/09/2019,25.09,24.61,25.14,24.53,47.62,1.19%
02/09/2019,24.79,24.88,25.07,24.74,18.95,-0.78%
30/08/2019,24.99,25.02,25.17,24.66,54.53,0.00%
29/08/2019,24.99,24.40,24.99,24.18,60.65,3.70%
28/08/2019,24.10,23.71,24.20,23.64,41.69,1.03%
27/08/2019,23.85,23.68,24.32,23.33,70.23,1.59%
26/08/2019,23.48,24.09,24.18,23.29,38.19,-1.32%
23/08/2019,23.79,24.28,24.86,23.74,57.80,-3.73%
22/08/2019,24.71,24.99,25.20,24.65,40.52,-0.90%
21/08/2019,24.94,23.86,25.47,23.69,87.26,5.95%
20/08/2019,23.54,23.43,23.70,23.20,36.65,-0.04%
19/08/2019,23.55,23.81,24.01,23.37,50.50,0.50%
16/08/2019,23.43,24.22,24.27,23.41,55.86,-1.32%
15/08/2019,23.74,24.49,24.50,23.66,53.31,-2.77%
14/08/2019,24.42,24.75,24.87,24.28,53.99,-3.37%
13/08/2019,25.27,24.85,25.61,24.72,45.14,1.34%
12/08/2019,24.94,25.20,25.20,24.83,35.74,-2.40%
09/08/2019,25.55,25.57,25.95,25.38,36.41,-0.27%
08/08/2019,25.62,25.38,25.62,25.14,50.06,2.93%
07/08/2019,24.89,24.73,25.02,24.31,67.44,-1.08%
06/08/2019,25.16,25.18,25.49,24.97,43.89,1.29%
05/08/2019,24.84,25.08,25.41,24.81,47.73,-3.66%
02/08/2019,25.78,25.64,26.14,25.55,63.72,3.59%
01/08/2019,24.89,25.57,25.82,24.46,91.21,-1.84%
31/07/2019,25.36,25.66,25.77,25.30,39.67,-0.61%
30/07/2019,25.51,25.62,25.76,25.45,38.01,-0.53%
29/07/2019,25.65,25.49,25.71,25.24,26.28,0.92%
26/07/2019,25.42,26.06,26.06,25.38,75.14,-2.79%
25/07/2019,26.14,26.71,26.74,26.07,26.71,-1.68%
24/07/2019,26.59,26.83,26.87,26.54,27.81,-0.62%
23/07/2019,26.76,26.75,26.86,26.64,21.04,0.11%
22/07/2019,26.73,26.85,26.98,26.60,22.10,0.18%
19/07/2019,26.68,26.74,26.83,26.61,28.18,-0.25%
18/07/2019,26.75,26.99,27.04,26.67,35.49,-0.61%
17/07/2019,26.91,27.21,27.22,26.87,28.77,-0.54%
16/07/2019,27.06,27.50,27.54,26.83,54.59,-1.24%
15/07/2019,27.40,27.80,27.86,27.40,36.32,-1.23%
12/07/2019,27.74,27.75,27.94,27.62,40.58,0.46%
11/07/2019,27.61,27.42,27.72,27.38,48.10,1.18%
10/07/2019,27.29,27.22,27.49,27.19,50.55,1.52%
08/07/2019,26.88,26.74,26.95,26.68,24.98,0.91%
05/07/2019,26.64,26.51,26.83,26.38,27.31,0.04%
04/07/2019,26.63,26.62,26.82,26.56,28.37,0.96%
03/07/2019,26.38,26.29,26.45,26.14,33.82,1.16%
02/07/2019,26.08,26.50,26.50,25.91,57.57,-1.61%
01/07/2019,26.50,27.07,27.25,26.46,46.45,-0.55%
28/06/2019,26.65,26.69,26.84,26.36,39.85,0.66%
27/06/2019,26.48,26.68,26.79,26.26,54.92,-1.59%
26/06/2019,26.90,26.79,27.16,26.76,48.61,0.58%
25/06/2019,26.75,27.36,27.38,26.62,56.18,-2.62%
24/06/2019,27.47,27.53,27.59,27.34,27.27,-0.11%
21/06/2019,27.50,27.18,27.60,27.18,58.28,2.76%
19/06/2019,26.76,26.59,26.83,26.47,32.77,0.26%
18/06/2019,26.69,26.54,26.76,26.49,31.20,1.25%
17/06/2019,26.36,26.33,26.67,26.21,48.74,0.18%
14/06/2019,26.31,26.45,26.49,26.15,42.62,-0.44%
13/06/2019,26.43,26.40,26.63,26.33,48.61,1.23%
12/06/2019,26.11,26.27,26.37,25.90,43.27,-1.14%
11/06/2019,26.41,26.14,26.53,25.97,52.11,1.91%
10/06/2019,25.91,25.86,26.14,25.78,39.53,-0.41%
07/06/2019,26.02,25.95,26.09,25.64,51.96,1.83%
06/06/2019,25.55,25.44,25.89,25.01,87.11,1.62%
05/06/2019,25.14,25.45,25.56,24.85,65.06,-1.30%
04/06/2019,25.47,25.56,25.64,25.31,37.05,0.81%
03/06/2019,25.27,25.16,25.59,25.13,53.22,1.72%
31/05/2019,24.84,25.07,25.54,24.72,62.91,-2.29%
30/05/2019,25.42,25.77,26.12,25.27,71.45,-1.32%
29/05/2019,25.77,25.76,25.97,25.53,42.96,-1.12%
28/05/2019,26.06,25.41,26.06,25.41,60.37,2.13%
27/05/2019,25.51,25.57,25.80,25.44,33.74,0.57%
24/05/2019,25.37,25.42,25.63,25.21,35.76,0.97%
23/05/2019,25.12,25.18,25.20,24.81,49.29,-1.71%
22/05/2019,25.56,25.61,25.74,25.24,48.27,-0.38%
21/05/2019,25.66,24.89,25.66,24.62,57.63,3.80%
20/05/2019,24.72,23.91,24.72,23.87,54.17,3.40%
17/05/2019,23.91,24.26,24.62,23.70,66.82,-2.33%
16/05/2019,24.48,24.96,25.22,24.45,46.19,-2.36%
15/05/2019,25.07,24.93,25.08,24.85,36.69,-0.46%
14/05/2019,25.18,25.35,25.41,25.04,34.86,0.39%
13/05/2019,25.09,25.39,25.64,25.01,42.75,-2.92%
10/05/2019,25.84,26.03,26.07,25.59,33.19,-0.56%
09/05/2019,25.99,26.25,26.27,25.80,46.50,-1.97%
08/05/2019,26.51,25.48,26.61,25.46,71.54,3.87%
07/05/2019,25.52,25.81,25.82,25.30,52.19,-1.57%
06/05/2019,25.93,25.56,25.93,25.53,31.54,-0.30%
03/05/2019,26.01,26.06,26.22,26.01,32.88,0.45%
02/05/2019,25.89,25.96,25.98,25.69,37.62,-1.40%
30/04/2019,26.26,26.66,26.79,26.13,39.27,-0.95%
29/04/2019,26.51,26.69,26.75,26.48,27.54,0.44%
26/04/2019,26.39,26.81,26.90,26.21,52.43,-1.91%
25/04/2019,26.91,26.57,27.17,26.55,54.75,0.72%
24/04/2019,26.72,26.83,27.00,26.34,57.55,-0.29%
23/04/2019,26.79,26.83,27.10,26.79,51.79,0.87%
22/04/2019,26.56,26.80,27.00,26.44,44.82,-0.58%
18/04/2019,26.72,26.48,27.00,26.38,99.89,3.18%
17/04/2019,25.89,26.25,26.46,25.38,103.57,0.11%
16/04/2019,25.86,25.12,26.19,24.81,94.49,3.05%
15/04/2019,25.10,25.51,25.73,24.73,116.78,0.39%
12/04/2019,25.00,25.62,26.11,24.75,227.31,-7.75%
11/04/2019,27.10,27.78,27.78,26.98,55.90,-2.71%
10/04/2019,27.86,28.60,28.62,27.86,61.55,-1.30%
09/04/2019,28.23,28.10,28.30,27.75,43.71,-0.31%
08/04/2019,28.31,28.13,28.45,28.05,54.84,1.63%
05/04/2019,27.86,27.63,27.96,27.31,54.47,1.09%
04/04/2019,27.56,26.88,27.56,26.49,52.01,3.38%
03/04/2019,26.66,27.62,27.64,26.66,54.76,-2.65%
02/04/2019,27.38,27.24,27.39,26.97,37.78,1.04%
01/04/2019,27.10,27.49,27.51,26.98,42.01,-0.21%
29/03/2019,27.16,27.54,27.62,26.85,51.43,0.00%
28/03/2019,27.16,26.38,27.16,26.09,69.19,2.63%
27/03/2019,26.46,27.31,27.31,26.46,64.84,-4.51%
26/03/2019,27.71,26.85,27.76,26.83,91.21,4.72%
25/03/2019,26.46,25.97,26.71,25.96,104.44,1.26%
22/03/2019,26.13,27.04,27.24,26.13,104.03,-5.46%
21/03/2019,27.64,27.92,28.04,27.02,79.97,-1.42%
20/03/2019,28.04,28.26,28.65,27.97,68.21,-0.79%
19/03/2019,28.26,27.93,28.55,27.68,69.09,1.60%
18/03/2019,27.82,27.44,27.87,27.35,91.63,1.73%
15/03/2019,27.34,27.26,27.48,27.21,60.86,0.21%
14/03/2019,27.29,27.25,27.30,27.02,42.50,0.32%
13/03/2019,27.20,26.71,27.23,26.64,60.82,2.18%
12/03/2019,26.62,26.90,27.06,26.38,63.82,-0.90%
11/03/2019,26.86,26.15,26.89,26.14,66.24,4.05%
08/03/2019,25.81,25.64,25.89,25.38,49.56,-0.37%
07/03/2019,25.91,25.94,26.05,25.64,32.84,0.04%
06/03/2019,25.90,25.70,25.90,25.62,18.42,0.22%
01/03/2019,25.84,26.27,26.38,25.78,41.98,-1.33%
28/02/2019,26.19,25.90,26.86,25.75,93.07,-0.07%
27/02/2019,26.21,25.98,26.38,25.78,49.13,1.88%
26/02/2019,25.73,25.90,26.27,25.72,46.50,-0.45%
25/02/2019,25.84,26.13,26.16,25.78,54.19,-1.58%
22/02/2019,26.26,26.67,26.81,26.26,36.60,-0.99%
21/02/2019,26.52,26.31,26.61,25.96,46.56,1.33%
20/02/2019,26.17,26.62,26.77,26.01,55.11,-1.24%
19/02/2019,26.50,26.00,26.52,25.98,58.04,2.32%
18/02/2019,25.90,25.74,25.93,25.56,43.38,-0.30%
15/02/2019,25.98,26.00,26.15,25.85,63.84,-0.41%
14/02/2019,26.09,25.33,26.09,25.17,81.13,3.45%
13/02/2019,25.21,25.19,25.37,25.02,69.04,1.28%
12/02/2019,24.90,24.51,25.02,24.42,72.47,3.54%
11/02/2019,24.04,24.36,24.36,23.75,39.62,-1.15%
08/02/2019,24.32,24.00,24.47,23.94,40.15,0.16%
07/02/2019,24.29,24.78,25.02,23.87,55.61,-1.57%
06/02/2019,24.67,24.97,25.01,24.51,64.53,-2.15%
05/02/2019,25.21,25.08,25.26,24.98,40.99,0.08%
04/02/2019,25.20,25.01,25.28,24.78,53.87,0.89%
01/02/2019,24.97,24.68,25.02,24.56,47.96,0.86%
31/01/2019,24.76,25.04,25.13,24.74,63.25,-0.16%
30/01/2019,24.80,24.98,25.10,24.65,62.61,0.99%
29/01/2019,24.56,24.44,24.74,24.30,59.42,2.42%
28/01/2019,23.98,24.48,24.71,23.95,65.08,-3.01%
24/01/2019,24.72,24.59,24.72,24.51,40.11,0.43%
23/01/2019,24.61,24.52,24.72,24.35,52.93,1.19%
22/01/2019,24.32,24.45,24.68,24.22,61.31,-1.57%
21/01/2019,24.71,24.50,24.71,24.30,45.34,0.51%
18/01/2019,24.59,24.62,24.74,24.47,67.02,0.95%
17/01/2019,24.35,23.96,24.49,23.89,50.36,1.37%
16/01/2019,24.02,24.00,24.10,23.87,40.43,-0.04%
15/01/2019,24.03,24.03,24.31,23.91,53.73,-0.08%
14/01/2019,24.05,24.02,24.29,23.87,46.58,-0.56%
11/01/2019,24.19,24.34,24.38,24.04,53.98,-1.07%
10/01/2019,24.45,24.45,24.60,24.27,54.76,-0.86%
09/01/2019,24.66,24.49,24.68,24.34,70.18,2.08%
08/01/2019,24.16,24.59,24.61,23.98,68.76,-0.60%
07/01/2019,24.30,24.05,25.09,23.91,121.71,1.58%
04/01/2019,23.93,24.05,24.14,23.69,72.12,0.28%
03/01/2019,23.86,23.55,24.02,23.04,95.21,2.45%
02/01/2019,23.29,21.83,23.42,21.57,104.53,6.08%
28/12/2018,21.95,21.40,22.10,21.37,61.63,4.66%
27/12/2018,20.98,20.83,21.28,20.60,74.08,-0.05%
26/12/2018,20.98,19.93,20.98,19.77,77.10,3.98%
21/12/2018,20.18,20.04,20.58,19.90,90.38,0.28%
20/12/2018,20.13,20.89,20.90,19.99,141.77,-3.42%
19/12/2018,20.84,21.07,21.59,20.66,171.16,1.14%
18/12/2018,20.60,21.33,21.35,20.60,74.74,-3.80%
17/12/2018,21.42,21.75,21.79,21.35,53.83,-0.78%
14/12/2018,21.59,21.61,21.85,21.50,45.23,-1.33%
13/12/2018,21.88,21.81,21.96,21.50,61.95,0.26%
12/12/2018,21.82,22.23,22.38,21.73,63.30,0.04%
11/12/2018,21.81,22.40,22.54,21.61,64.02,-0.64%
10/12/2018,21.95,23.20,23.32,21.95,73.87,-5.37%
07/12/2018,23.20,22.96,23.85,22.90,87.99,0.73%
06/12/2018,23.03,23.40,23.52,22.77,99.04,-3.79%
05/12/2018,23.94,23.85,24.09,23.37,54.18,0.87%
04/12/2018,23.73,24.58,24.66,23.73,66.87,-2.31%
03/12/2018,24.29,24.63,24.85,24.16,90.53,1.89%
30/11/2018,23.84,23.52,23.94,23.48,90.87,1.15%
29/11/2018,23.57,23.38,23.88,23.30,65.58,-0.83%
28/11/2018,23.77,23.88,24.23,23.46,92.81,-0.59%
27/11/2018,23.91,22.82,24.07,22.73,90.76,5.28%
26/11/2018,22.71,23.23,23.40,22.52,62.11,-0.49%
23/11/2018,22.82,23.08,23.23,22.49,77.96,-6.20%
22/11/2018,24.33,24.46,24.54,24.26,31.25,0.29%
21/11/2018,24.26,24.19,24.55,24.10,77.23,-3.19%
19/11/2018,25.06,24.63,25.34,24.51,79.95,0.80%
16/11/2018,24.86,24.47,25.09,24.26,100.63,2.77%
14/11/2018,24.19,23.36,24.27,23.04,104.42,3.55%
13/11/2018,23.36,24.40,24.40,23.08,112.78,-4.30%
12/11/2018,24.41,24.61,24.98,24.37,63.16,-0.53%
09/11/2018,24.54,24.28,24.79,23.78,94.21,0.45%
08/11/2018,24.43,25.83,26.05,24.43,119.10,-3.59%
07/11/2018,25.34,25.90,26.65,25.31,95.82,-3.28%
06/11/2018,26.20,26.31,27.27,26.01,95.34,-3.46%
05/11/2018,27.14,26.50,27.14,26.41,60.39,3.08%
01/11/2018,26.33,26.75,27.00,26.13,97.30,-1.09%
31/10/2018,26.62,27.23,27.30,26.31,83.77,-1.33%
30/10/2018,26.98,25.73,26.98,25.46,106.24,5.97%
29/10/2018,25.46,27.69,27.70,25.03,160.28,-4.29%
26/10/2018,26.60,25.68,26.60,25.17,108.58,4.89%
25/10/2018,25.36,25.23,25.67,24.76,79.21,2.46%
24/10/2018,24.75,25.45,26.01,24.75,92.82,-1.98%
23/10/2018,25.25,25.20,25.52,24.87,77.14,-1.25%
22/10/2018,25.57,25.32,25.63,25.32,63.34,2.36%
19/10/2018,24.98,25.20,25.34,24.79,61.68,0.85%
18/10/2018,24.77,25.34,25.38,24.77,55.97,-2.82%
17/10/2018,25.49,25.48,25.66,25.31,80.82,-1.05%
16/10/2018,25.76,25.25,25.76,25.14,73.61,3.75%
15/10/2018,24.83,24.96,25.17,24.62,92.09,1.89%
11/10/2018,24.37,25.59,25.78,24.15,118.80,-2.91%
10/10/2018,25.10,25.35,25.43,24.72,82.17,-2.90%
09/10/2018,25.85,25.52,26.02,25.33,89.56,0.86%
08/10/2018,25.63,25.96,25.99,24.81,187.49,11.00%
05/10/2018,23.09,23.60,23.70,22.80,104.28,-0.26%
04/10/2018,23.15,22.60,23.63,22.37,98.89,0.96%
03/10/2018,22.93,24.33,24.50,22.61,151.33,4.27%
02/10/2018,21.99,21.20,21.99,21.10,126.85,8.65%
01/10/2018,20.24,20.48,20.58,20.04,56.19,-0.39%
28/09/2018,20.32,20.36,21.14,20.26,90.91,-1.74%
27/09/2018,20.68,19.76,20.68,19.73,103.51,6.27%
26/09/2018,19.46,19.50,19.56,19.24,59.92,0.57%
25/09/2018,19.35,18.98,19.42,18.82,53.83,0.42%
24/09/2018,19.27,19.47,19.67,19.20,54.07,-0.72%
21/09/2018,19.41,19.42,19.56,19.23,58.28,1.36%
20/09/2018,19.15,19.52,19.61,19.03,56.00,-0.52%
19/09/2018,19.25,19.21,19.72,19.11,60.35,-1.33%
18/09/2018,19.51,18.79,19.51,18.76,72.44,4.33%
17/09/2018,18.70,17.95,18.78,17.95,71.08,3.26%
14/09/2018,18.11,18.12,18.27,17.81,55.54,0.44%
13/09/2018,18.03,18.34,18.44,17.94,36.48,-1.26%
12/09/2018,18.26,18.13,18.52,17.96,59.50,2.41%
11/09/2018,17.83,18.18,18.20,17.76,56.09,-3.93%
10/09/2018,18.56,18.66,18.89,18.36,57.85,1.42%
06/09/2018,18.30,18.30,18.33,17.81,51.42,1.84%
05/09/2018,17.97,17.89,18.12,17.57,53.71,0.00%
04/09/2018,17.97,18.44,18.49,17.94,39.54,-1.86%
03/09/2018,18.31,18.30,18.44,18.08,25.19,-1.35%
31/08/2018,18.56,18.26,18.72,18.22,75.44,2.43%
30/08/2018,18.12,18.45,18.83,18.00,63.69,-2.58%
29/08/2018,18.60,17.83,18.61,17.78,71.08,5.20%
28/08/2018,17.68,18.08,18.17,17.67,37.72,-1.94%
27/08/2018,18.03,17.74,18.08,17.64,35.27,2.21%
24/08/2018,17.64,17.68,17.77,17.39,37.72,1.97%
23/08/2018,17.30,17.68,17.85,17.23,56.12,-2.15%
22/08/2018,17.68,17.06,17.71,17.01,56.36,3.51%
21/08/2018,17.08,17.61,17.86,17.01,68.40,-3.45%
20/08/2018,17.69,17.70,17.84,17.43,55.91,-0.56%
17/08/2018,17.79,18.07,18.17,17.73,68.03,-2.57%
16/08/2018,18.26,18.62,18.65,18.09,50.95,-0.54%
15/08/2018,18.36,18.93,18.96,18.36,65.01,-4.62%
14/08/2018,19.25,19.54,19.57,19.01,54.96,-0.05%
13/08/2018,19.26,18.74,19.26,18.52,58.05,2.28%
10/08/2018,18.83,19.32,19.37,18.61,61.44,-3.68%
09/08/2018,19.55,19.48,19.56,19.03,50.90,0.98%
08/08/2018,19.36,20.00,20.25,19.34,57.51,-2.76%
07/08/2018,19.91,20.50,20.63,19.77,68.35,-1.58%
06/08/2018,20.23,20.33,20.64,20.17,44.14,-0.30%
03/08/2018,20.29,20.57,20.72,20.27,86.09,3.41%
02/08/2018,19.62,19.81,19.98,19.18,68.11,2.03%
01/08/2018,19.23,18.83,19.23,18.78,38.66,1.42%
31/07/2018,18.96,18.86,19.02,18.72,38.52,-0.84%
30/07/2018,19.12,19.18,19.32,18.94,36.95,0.63%
27/07/2018,19.00,18.84,19.04,18.79,36.32,1.82%
26/07/2018,18.66,19.18,19.18,18.62,47.89,-2.76%
25/07/2018,19.19,19.03,19.23,18.85,48.46,1.53%
24/07/2018,18.90,18.81,19.10,18.77,39.77,2.11%
23/07/2018,18.51,18.55,18.72,18.47,34.97,-0.16%
20/07/2018,18.54,18.43,18.73,18.20,97.66,4.80%
19/07/2018,17.69,17.15,17.69,17.05,59.35,1.96%
18/07/2018,17.35,17.54,17.69,17.25,40.28,-1.31%
17/07/2018,17.58,17.10,17.69,17.02,40.46,2.27%
16/07/2018,17.19,17.25,17.28,16.92,62.44,-1.26%
13/07/2018,17.41,17.29,17.48,17.09,44.81,0.93%
12/07/2018,17.25,16.94,17.32,16.84,49.10,3.05%
11/07/2018,16.74,16.81,17.38,16.63,85.54,-1.88%
10/07/2018,17.06,17.63,17.64,16.87,70.52,-1.10%
06/07/2018,17.25,17.27,17.39,16.97,33.65,0.47%
05/07/2018,17.17,17.88,18.07,16.97,75.58,-3.21%
04/07/2018,17.74,16.71,17.74,16.57,53.72,5.47%
03/07/2018,16.82,17.05,17.20,16.78,56.57,0.18%
02/07/2018,16.79,16.33,16.80,16.25,54.21,1.63%
29/06/2018,16.52,16.20,16.52,16.08,75.13,3.51%
28/06/2018,15.96,16.07,16.41,15.70,94.45,0.31%
27/06/2018,15.91,15.48,16.32,15.44,77.89,3.18%
26/06/2018,15.42,15.28,15.50,14.93,59.33,2.19%
25/06/2018,15.09,14.61,15.18,14.48,59.89,3.93%
22/06/2018,14.52,14.81,15.07,14.43,51.93,0.00%
21/06/2018,14.52,15.47,15.69,14.52,67.49,-6.80%
20/06/2018,15.58,15.63,15.84,15.19,87.95,5.13%
19/06/2018,14.82,13.71,15.11,13.62,97.03,6.31%
18/06/2018,13.94,14.20,14.31,13.94,46.78,-3.13%
15/06/2018,14.39,14.45,14.49,13.91,74.42,-0.90%
14/06/2018,14.52,14.74,14.95,14.47,56.97,-0.41%
13/06/2018,14.58,14.82,14.90,14.17,71.67,-1.88%
12/06/2018,14.86,14.88,15.07,14.65,69.15,0.34%
11/06/2018,14.81,14.90,15.19,14.54,44.47,1.02%
08/06/2018,14.66,15.20,15.56,14.48,90.91,-3.23%
07/06/2018,15.15,15.38,15.53,14.35,118.27,-3.50%
06/06/2018,15.70,15.83,16.03,15.26,69.02,-1.57%
05/06/2018,15.95,16.69,17.11,15.95,66.47,-5.34%
04/06/2018,16.85,16.62,16.96,16.39,93.06,8.50%
01/06/2018,15.53,18.80,18.99,14.32,215.14,-14.86%
30/05/2018,18.24,17.68,19.20,17.43,124.91,-1.67%
29/05/2018,18.55,17.30,18.69,16.92,180.97,14.08%
28/05/2018,16.26,18.46,18.46,16.26,132.65,-14.56%
25/05/2018,19.03,19.85,20.45,18.90,131.19,-1.40%
24/05/2018,19.30,19.27,19.95,18.89,237.58,-13.72%
23/05/2018,22.37,23.29,23.53,22.37,74.14,-5.81%
22/05/2018,23.75,23.85,24.31,23.21,87.88,-1.17%
21/05/2018,24.03,25.04,25.22,23.93,75.17,-2.36%
18/05/2018,24.61,23.99,25.11,23.95,82.99,-1.16%
17/05/2018,24.90,26.24,26.48,24.43,111.84,-5.25%
16/05/2018,26.28,25.78,26.41,25.75,64.23,2.26%
15/05/2018,25.70,25.28,25.81,24.84,74.81,2.11%
14/05/2018,25.17,24.80,25.40,24.76,66.34,3.11%
11/05/2018,24.41,24.78,25.24,24.39,72.66,-1.17%
10/05/2018,24.70,24.12,25.41,23.91,126.70,3.91%
09/05/2018,23.77,22.35,23.79,22.28,117.66,8.14%
08/05/2018,21.98,22.12,22.21,21.60,80.99,1.15%
07/05/2018,21.73,21.65,22.23,21.58,47.70,1.73%
04/05/2018,21.36,21.54,21.72,21.36,33.04,-0.84%
03/05/2018,21.54,21.62,21.72,21.08,48.69,-0.65%
02/05/2018,21.68,21.75,22.00,21.59,31.48,-1.63%
30/04/2018,22.04,21.81,22.08,21.71,23.52,1.15%
27/04/2018,21.79,21.91,22.00,21.74,37.60,0.37%
26/04/2018,21.71,21.11,21.71,21.08,56.42,4.12%
25/04/2018,20.85,21.12,21.23,20.79,67.77,-2.98%
24/04/2018,21.49,21.68,21.84,21.33,46.32,-0.37%
23/04/2018,21.57,21.19,21.57,21.05,36.90,0.56%
20/04/2018,21.45,21.16,21.55,21.01,61.38,0.70%
19/04/2018,21.30,21.17,21.49,21.04,62.40,1.87%
18/04/2018,20.91,20.48,20.98,20.44,65.08,3.62%
17/04/2018,20.18,19.86,20.22,19.78,36.47,2.02%
16/04/2018,19.78,20.19,20.38,19.76,48.22,-2.75%
13/04/2018,20.34,20.76,20.86,20.20,43.06,-2.21%
12/04/2018,20.80,20.90,21.05,20.80,36.15,-0.53%
11/04/2018,20.91,20.48,21.01,20.46,62.16,1.85%
10/04/2018,20.53,20.06,20.64,19.92,58.37,4.21%
09/04/2018,19.70,20.56,20.57,19.70,44.00,-3.48%
06/04/2018,20.41,20.13,20.41,19.98,47.77,0.59%
05/04/2018,20.29,20.29,20.46,20.18,88.45,3.79%
04/04/2018,19.55,19.48,19.76,19.29,58.09,-1.61%
03/04/2018,19.87,20.25,20.33,19.82,39.09,-0.90%
02/04/2018,20.05,20.49,20.59,19.93,36.98,-2.39%
29/03/2018,20.54,20.40,20.68,20.37,34.14,0.98%
28/03/2018,20.34,20.40,20.54,20.14,38.39,-1.12%
27/03/2018,20.57,21.24,21.28,20.50,43.37,-2.65%
26/03/2018,21.13,21.17,21.30,20.95,29.81,1.25%
23/03/2018,20.87,20.73,21.21,20.65,52.72,0.14%
22/03/2018,20.84,20.97,21.14,20.70,49.84,-1.47%
21/03/2018,21.15,20.39,21.19,20.34,52.80,4.19%
20/03/2018,20.30,20.32,20.54,20.25,29.95,1.10%
19/03/2018,20.08,20.41,20.49,20.01,41.97,-2.33%
16/03/2018,20.56,20.60,20.86,20.37,57.69,0.59%
15/03/2018,20.44,21.15,21.28,20.44,80.54,-4.80%
14/03/2018,21.47,21.39,21.53,21.19,31.74,1.23%
13/03/2018,21.21,21.54,21.62,21.16,34.58,-0.98%
12/03/2018,21.42,21.62,21.67,21.33,31.90,-0.28%
09/03/2018,21.48,20.89,21.48,20.71,45.56,3.17%
08/03/2018,20.82,20.96,20.99,20.45,36.16,0.14%
07/03/2018,20.79,20.81,21.08,20.50,50.96,-1.05%
06/03/2018,21.01,21.59,21.71,20.97,57.24,-0.99%
05/03/2018,21.22,20.62,21.27,20.49,54.24,2.81%
02/03/2018,20.64,19.86,20.64,19.68,52.68,2.28%
01/03/2018,20.18,20.53,20.59,19.92,66.38,-1.99%
28/02/2018,20.59,20.75,20.89,20.32,66.23,-0.19%
27/02/2018,20.63,20.60,20.96,20.47,42.91,-0.10%
26/02/2018,20.65,20.53,20.81,20.51,48.16,1.92%
23/02/2018,20.26,20.10,20.28,19.78,55.76,1.81%
22/02/2018,19.90,19.75,19.97,19.70,38.17,2.42%
21/02/2018,19.43,19.75,20.03,19.43,55.68,-0.92%
20/02/2018,19.61,19.07,19.97,19.01,67.42,1.98%
19/02/2018,19.23,18.76,19.28,18.76,40.93,3.22%
16/02/2018,18.63,18.67,18.78,18.52,34.74,0.11%
15/02/2018,18.61,18.71,18.75,18.39,31.98,0.76%
14/02/2018,18.47,18.24,18.57,18.19,43.40,2.55%
09/02/2018,18.01,18.26,18.60,17.76,68.73,-1.48%
08/02/2018,18.28,18.76,18.94,18.04,51.12,-1.98%
07/02/2018,18.65,19.16,19.40,18.57,61.91,-2.76%
06/02/2018,19.18,17.90,19.18,17.86,74.15,4.98%
05/02/2018,18.27,18.85,19.16,18.27,62.27,-4.65%
02/02/2018,19.16,19.47,19.59,19.04,50.66,-2.69%
01/02/2018,19.69,18.96,19.78,18.96,51.95,4.18%
31/01/2018,18.90,18.94,19.12,18.88,41.58,1.07%
30/01/2018,18.70,18.97,18.97,18.57,46.20,-1.79%
29/01/2018,19.04,18.87,19.23,18.77,55.73,-0.42%
26/01/2018,19.12,18.82,19.17,18.32,81.99,3.07%
24/01/2018,18.55,17.67,18.83,17.67,89.77,5.70%
23/01/2018,17.55,17.65,17.71,17.27,39.83,-0.96%
22/01/2018,17.72,17.52,17.72,17.35,33.92,1.14%
19/01/2018,17.52,17.57,17.67,17.30,33.47,0.23%
18/01/2018,17.48,17.60,17.78,17.20,48.58,-0.74%
17/01/2018,17.61,17.19,17.61,17.09,58.49,4.02%
16/01/2018,16.93,16.64,17.11,16.60,58.62,1.74%
15/01/2018,16.64,16.62,16.73,16.45,28.95,0.24%
12/01/2018,16.60,16.35,16.70,16.33,45.91,0.30%
11/01/2018,16.55,16.19,16.60,16.16,37.92,2.67%
10/01/2018,16.12,16.23,16.36,16.09,28.55,-1.35%
09/01/2018,16.34,16.34,16.46,16.27,35.07,0.00%
08/01/2018,16.34,16.06,16.34,16.03,28.40,1.18%
05/01/2018,16.15,16.02,16.17,15.90,26.96,0.62%
04/01/2018,16.05,16.10,16.27,15.94,37.06,0.19%
03/01/2018,16.02,15.82,16.04,15.70,55.94,0.88%
02/01/2018,15.88,15.53,15.88,15.53,33.46,2.78%
